Workbook

Sheet DATA
C2: PEMERINTAH DAERAH : | D2: PEMERINTAH KABUPATEN SUMBA BARAT DAYA
C3: INSTANSI : | D3: DINAS KOMUNIKASI DAN INFORMATIKA
C5: ALAMAT : | D5: Jln.Ir. Soekarno, Kadula, kec. Kota. Tambolaka, Kab. SBD, Prov. NTT. Email: @gmail.com
C6: KODE POS : | D6: 87261
C7: KEPALA DINAS : | D7: drh. Rihimeha A. Praing, MP
C8: NIP. : | D8: 19680523 199803 1 005
B9: No | C9: NOMOR SURAT | D9: TANGGAL SURAT | E9: NAMA PEGAWAI | F9: NIP | G9: GOLONGAN | H9: JABATAN | I9: BERANGKAT DARI | J9: KE | K9: TRANSPORTASI | L9: SELAMA | M9: DARI TGL | N9: SAMPAI TGL | O9: MAKSUD PERJALANAN
B10: 1 | C10: 800/….../452.321.44/2024 | D10: 16 Januari 2024 | E10: drh. Rihimeha A. Praing, MP | F10: 19680523 199803 1 005 | G10: IV/C | H10: Kepala Dinas Komunikasi Dan Informatika | I10: TAMBOLAKA | J10: KUPANG | K10: Umum | L10: 1 Hari | M10: =D10 -> 16 Januari 2024 | N10: =D10 -> 16 Januari 2024 | O10: monitoring
B11: 2 | E11: Drs. Aryanto Umbu Jawud | F11: 19720419 199303 1 003 | G11: IV/B | H11: Sekretaris Dinas Komunikasi dan Informatika | I11: TAMBOLAKA | J11: JAKARTA | K11: Umum | M11: =D11 -> 0 | N11: =D11 -> 0
B12: 3 | E12: Yublina L. Dappa Sapu | F12: 19670724 199702 2 001 | G12: IV/A | H12: Kepala Bidang Layanan Komunikasi dan Publik | I12: TAMBOLAKA | J12: JOGJA | K12: Umum | M12: =D12 -> 0 | N12: =D12 -> 0
B13: 4 | E13: Paulus Laka, SH | F13: 19670403 200801 1 014 | G13: IV/A | H13: Kepala Bidang Pengelola Informasi Publik | I13: TAMBOLAKA | J13: SURABAYA | K13: Umum | M13: =D13 -> 0 | N13: =D13 -> 0
B14: 5 | E14: Yerli Inti Milla Kenda, S.Sos | F14: 19800801 200604 1 013 | G14: IV/A | H14: Kepala Bidang E-Govermen | I14: TAMBOLAKA | J14: KUPANG | K14: Umum | M14: =D14 -> 0 | N14: =D14 -> 0
B15: 6 | E15: Nano Eko Prasetyo, ST | F15: 19771216 201001 1 013 | G15: III/C | H15: Kepala Bidang Teknologi Informasi Komunikasi | I15: TAMBOLAKA | J15: JAKARTA | K15: Umum | M15: =D15 -> 0 | N15: =D15 -> 0
B16: 7 | E16: Thimotius N. Kalumbang, A.Md | F16: 19710606 199903 1 008 | G16: III/B | H16: Fungsional | I16: TAMBOLAKA | J16: JOGJA | K16: Umum | M16: =D16 -> 0 | N16: =D16 -> 0
B17: 8 | E17: Mauritz K. Mbele, S.Kom | F17: 19830403 200903 1 004 | G17: III/B | H17: Fungsional | I17: TAMBOLAKA | J17: SURABAYA | K17: Umum | M17: =D17 -> 0 | N17: =D17 -> 0
B18: 9 | E18: Elpride Pane, SE | F18: 19760216 201001 2 021 | G18: III/D | H18: Fungsional | I18: TAMBOLAKA | J18: KUPANG | K18: Umum | M18: =D18 -> 0 | N18: =D18 -> 0
B19: 10 | E19: Alfredo K. Ortega, S.Kom | F19: 19860508 201001 1 019 | G19: III/D | H19: Pranata Komputer | I19: TAMBOLAKA | J19: JAKARTA | K19: Umum | M19: =D19 -> 0 | N19: =D19 -> 0
B20: 11 | E20: Stepanus Umbu Robaka, SE | F20: 19671231 200212 1 001 | G20: III/C | H20: Fungsional | I20: TAMBOLAKA | J20: JOGJA | K20: Umum | M20: =D20 -> 0 | N20: =D20 -> 0
B21: 12 | E21: Filipus Rasa Moro Wawi, S.Sos | F21: 197410 16 200903 1 003 | G21: III/D | H21: Fungsional | I21: TAMBOLAKA | J21: SURABAYA | K21: Umum | M21: =D21 -> 0 | N21: =D21 -> 0
B22: 13 | E22: Yoan Yismaya Rasi, SE | F22: 19830623 201001 2 035 | G22: III/D | H22: Kasubag Keuangan | I22: TAMBOLAKA | J22: KUPANG | K22: Umum | M22: =D22 -> 0 | N22: =D22 -> 0
... B33: 24 | E33: Anjela Ngadu | F33: 19781022 201101 2 004 | G33: II/D | H33: STAF | I33: TAMBOLAKA | J33: SURABAYA | K33: Umum | M33: =D33 -> 0 | N33: =D33 -> 0
B34: 25 | M34: =D34 -> 0 | N34: =D34 -> 0
B35: 26 | M35: =D35 -> 0 | N35: =D35 -> 0
B36: 27 | M36: =D36 -> 0 | N36: =D36 -> 0
B37: 28 | M37: =D37 -> 0 | N37: =D37 -> 0
B38: 29 | M38: =D38 -> 0 | N38: =D38 -> 0
B39: 30 | M39: =D39 -> 0 | N39: =D39 -> 0
B40: 31 | M40: =D40 -> 0 | N40: =D40 -> 0
B41: 32 | M41: =D41 -> 0 | N41: =D41 -> 0
B42: 33 | M42: =D42 -> 0 | N42: =D42 -> 0
B43: 34 | M43: =D43 -> 0 | N43: =D43 -> 0
B44: 35 | M44: =D44 -> 0 | N44: =D44 -> 0
B45: 36 | M45: =D45 -> 0 | N45: =D45 -> 0
... B158: 149 | M158: =D158 -> 0 | N158: =D158 -> 0

Sheet 1
C1: =DATA!D2 -> PEMERINTAH KABUPATEN SUMBA BARAT DAYA
C2: =DATA!D3 -> DINAS KOMUNIKASI DAN INFORMATIKA
C4: =DATA!D5 -> Jln.Ir. Soekarno, Kadula, kec. Kota. Tambolaka, Kab. SBD, Prov. NTT. Email: @gmail.com
C5: ="Kode pos "&DATA!D6&"" -> Kode pos 87261
A7: SURAT PERINTAH PERJALANAN DINAS
A8: ="Nomor : "&VLOOKUP(H12,DATA!B10:O158,2,FALSE)&"" -> Nomor :
A10: 1 | B10: Pejabat yang memberi perintah | F10: ="Kepala Dinas Komunikasi dan Informatika"&DATA!D4&"" -> Kepala Dinas Komunikasi dan Informatika
A11: 2 | B11: Nama Pegawai yang diperintahkan
C12: a. Nama | F12: =VLOOKUP(H12,DATA!B10:O158,4,FALSE) -> Nikodemus U. Diala, A.Md | H12: 17
C13: b. NIP | F13: =VLOOKUP(H12,DATA!B10:O158,5,FALSE) -> 19791119 200604 1 011
C14: c. Pangkat / Golongan | F14: =VLOOKUP(H12,DATA!B10:O158,6,FALSE) -> III/B
C15: d. J a b a t a n | F15: =VLOOKUP(H12,DATA!B10:O158,7,FALSE) -> Kasubag Kepegawaian
A16: 3 | B16: Perjalanan Dinas yang diperintahkan
C17: a. Dari | F17: =VLOOKUP(H12,DATA!B10:O158,8,FALSE) -> TAMBOLAKA
C18: b. Ke | F18: =VLOOKUP(H12,DATA!B10:O158,9,FALSE) -> KUPANG
C19: c. Transportasi menggunakan | F19: =VLOOKUP(H12,DATA!B10:O158,10,FALSE) -> Umum
A20: 4 | B20: Perjalanan dinas yang direncanakan
C21: a. Selama | F21: =VLOOKUP(H12,DATA!B10:O158,11,FALSE) -> 0
C22: b. Dari tanggal | F22: =VLOOKUP(H12,DATA!B10:O158,12,FALSE) -> 0
C23: c. Sampai dengan tanggal | F23: =VLOOKUP(H12,DATA!B10:O158,13,FALSE) -> 0
A24: 5 | B24: Maksud mengadakan perjalanan | F24: =VLOOKUP(H12,DATA!B10:O158,14,FALSE) -> 0
A25: 6 | B25: Pembebanan Anggaran
C26: a. Instansi
C27: b. Mata Anggaran
A28: 7 | B28: Keterangan Lain-lain
F30: Dikeluarkan di : Tambolaka
F31: Pada Tanggal :
F32: Kepala Dinas Komunikasi dan Informatika Kabupaten Sumba Barat Daya,
F40: drh. Rihimeha A. Praing,
F41: Pembina Utama Mudan - IV/c
F42: ="NIP. "&DATA!D8&"" -> NIP. 19680523 199803 1 005

Sheet 2
C1: Lampiran IV (1 dan 4)
C2: Keputusan Menteri Keuangan Tentang
C3: Perjalanan Dinas Dalam Negeri bagi Pejabat Negara
C4: Pegawai Negeri Sipil dan Pegawai Tidak Tetap
C5: Nomor :
C6: Tanggal :
D9: Berangkat dari | E9: : | F9: =VLOOKUP(H9,DATA!B3:Q151,8,FALSE) -> 0 | H9: 32
D10: Pada Tanggal | E10: : | F10: =VLOOKUP(H9,DATA!B3:Q151,12,FALSE) -> 0
D11: Ke | E11: : | F11: =VLOOKUP(H9,DATA!B3:Q151,9,FALSE) -> 0
D13: ="Kepala "&DATA!D4&"" -> Kepala
D15: =DATA!D7 -> drh. Rihimeha A. Praing, MP
D16: ="NIP. "&DATA!D8&"" -> NIP. 19680523 199803 1 005
A17: Tiba di | B17: : | C17: =VLOOKUP(H9,DATA!B3:Q151,9,FALSE) -> 0 | D17: Berangkat dari | E17: : | F17: =VLOOKUP(H9,DATA!B3:Q151,9,FALSE) -> 0
A18: Pada Tanggal | B18: : | C18: =VLOOKUP(H9,DATA!B3:Q151,12,FALSE) -> 0 | D18: Pada Tanggal | E18: : | F18: =VLOOKUP(H9,DATA!B3:Q151,12,FALSE) -> 0
A20: Tiba di | B20: : | C20: =VLOOKUP(H9,DATA!B3:Q151,8,FALSE) -> 0 | D20: Telah diperiksa, dengan keterangan perjalanan tersebut di atas benar dilakukan atas perintahnya dan semata-mata untuk kepentingan jabatan dalam waktu yang sesingkat-singkatnya.
A21: Pada Tanggal | B21: : | C21: =VLOOKUP(H9,DATA!B3:Q151,13,FALSE) -> 0
A22: Kepala Dinas Kominfo Kabupaten Sumba Barat Daya
A24: =DATA!D7 -> drh. Rihimeha A. Praing, MP
A25: ="NIP. "&DATA!D8&"" -> NIP. 19680523 199803 1 005
A26: CATATAN LAIN-LAIN
A28: PERHATIAN :
A29: Pejabat yang berwenang menerbitkan SPPD, pegawai yang melakukan perjalanan dinas para pejabat yang mengesahkan tanggal berangkat/tiba serta bendaharawan bertanggung jawab berdasarkan per- aturan-peraturan keuangan Negara apa bila Negara menderita rugi akibat kesalahan, kelalaian dan kealpaannya. (angka 8, lampiran surat edaran Menteri Keuangan tanggal 30 April 1974 No. B. 296/ MK/I/4/1974).

Sheet ST
B1: PEMERINTAH KABUPATEN SUMBA BARAT DAYA
B2: DINAS KOMUNIKASI DAN INFORMATIKA
B3: Jln.Ir. Soekarno, Kadula, kec. Kota. Tambolaka, Kab. SBD, Prov. NTT
B4: TAMBOLAKA
H6: 1
A7: SURAT PERINTAH PERJALANAN DINAS
A8: ="Nomor : "&VLOOKUP(H6,DATA!B10:O158,2,FALSE) -> Nomor : 800/….../452.321.44/2024
B11: Yang bertanda tangan di bawah ini Kepala Dinas Komunikasi dan Informatika memberikan tugas
A12: kepada :
B13: Nama | C13: : | D13: =VLOOKUP(H6,DATA!B10:O158,4,FALSE) -> drh. Rihimeha A. Praing, MP
B14: NIP | C14: : | D14: =VLOOKUP(H6,DATA!B10:O158,5,FALSE) -> 19680523 199803 1 005
B15: Pangkat/Gol | C15: : | D15: =VLOOKUP(H6,DATA!B10:O158,6,FALSE) -> IV/C
B16: Jabatan | C16: : | D16: =VLOOKUP(H6,DATA!B10:O158,7,FALSE) -> Kepala Dinas Komunikasi Dan Informatika
A17: ="Untuk "&VLOOKUP(H6,DATA!B3:Q151,14,FALSE)&" tanggal "&VLOOKUP(H6,DATA!B3:Q151,12,FALSE)&" di "&VLOOKUP(H6,DATA!B3:Q151,9,FALSE)&"" -> Untuk monitoring tanggal 16 Januari 2024 di KUPANG
A20: Demikian surat tugas ini dibuat agar dapat dilaksanakan sebagaimana mestinya dan sesudahnya memberi laporan.
F24: ="Kepala Dinas Komunikasi dan Informatika "&VLOOKUP(H6,DATA!B10:O158,3,FALSE)&"" -> Kepala Dinas Komunikasi dan Informatika 16 Januari 2024
F25: Kabupaten Sumba Barat Daya
F29: =DATA!D7 -> drh. Rihimeha A. Praing, MP
F30: ="NIP. "&DATA!D8&"" -> NIP. 19680523 199803 1 005
F31: Pembina Utama Muda-IV/C
